scenario,kind,arm,rep,planned_first,durable_record,verified,functional,repo_tests,asked,out_of_scope,cost_usd,turns,duration_s,primer_calls,tickets_created,complete_and_verify
ambiguous-summary,ambiguous,baseline,r1,False,False,True,True,True,False,0,0.40519020000000006,26,84.1,0,0,False
ambiguous-summary,ambiguous,baseline,r2,False,False,True,True,True,False,0,0.43571940000000003,26,99.6,0,0,False
ambiguous-summary,ambiguous,baseline,r3,False,False,True,False,True,False,0,0.3696194,26,109.3,0,0,False
ambiguous-summary,ambiguous,primer,r1,True,True,True,True,True,False,0,0.6960356000000001,48,135.6,13,5,True
ambiguous-summary,ambiguous,primer,r2,True,True,True,True,True,False,0,0.9138872000000001,56,250.3,16,5,True
ambiguous-summary,ambiguous,primer,r3,True,True,True,True,True,False,0,0.6173672,45,145.6,14,5,True
bug-category-filter-case,bug,baseline,r1,False,False,True,True,True,False,0,0.1653718,13,30.0,0,0,False
bug-category-filter-case,bug,baseline,r2,False,False,True,True,True,False,0,0.19607740000000004,16,34.2,0,0,False
bug-category-filter-case,bug,baseline,r3,False,False,True,True,True,False,0,0.1590572,12,30.2,0,0,False
bug-category-filter-case,bug,primer,r1,False,False,True,True,True,False,0,0.17947660000000004,15,32.1,0,0,False
bug-category-filter-case,bug,primer,r2,False,False,True,True,True,False,0,0.20895080000000002,16,29.5,0,0,False
bug-category-filter-case,bug,primer,r3,False,False,True,True,True,False,0,0.17009800000000003,12,42.2,0,0,False
bug-float-amounts,bug,baseline,r1,False,False,True,True,True,False,0,0.1843068,14,36.8,0,0,False
bug-float-amounts,bug,baseline,r2,False,False,True,True,True,False,0,0.11851440000000002,9,20.3,0,0,False
bug-float-amounts,bug,baseline,r3,False,False,True,True,True,False,0,0.18111019999999997,13,42.9,0,0,False
bug-float-amounts,bug,primer,r1,False,False,True,True,True,False,0,0.1569604,11,27.6,0,0,False
bug-float-amounts,bug,primer,r2,False,False,True,True,True,False,0,0.16464360000000003,11,37.0,0,0,False
bug-float-amounts,bug,primer,r3,False,False,True,True,True,False,0,0.21761020000000003,16,44.4,0,0,False
bug-month-ignores-year,bug,baseline,r1,False,False,True,True,True,False,0,0.1249024,10,19.7,0,0,False
bug-month-ignores-year,bug,baseline,r2,False,False,True,True,True,False,0,0.15265220000000002,13,16.7,0,0,False
bug-month-ignores-year,bug,baseline,r3,False,False,True,True,True,False,0,0.11577920000000001,9,24.1,0,0,False
bug-month-ignores-year,bug,primer,r1,False,False,True,True,True,False,0,0.22016100000000005,17,50.1,2,0,False
bug-month-ignores-year,bug,primer,r2,False,False,True,True,True,False,0,0.19446619999999998,15,40.2,2,0,False
bug-month-ignores-year,bug,primer,r3,True,True,True,True,True,False,0,0.31383320000000015,25,67.9,8,3,True
feature-budgets,feature,baseline,r1,False,False,True,False,True,False,0,0.42865220000000004,27,118.7,0,0,False
feature-budgets,feature,baseline,r2,False,False,True,True,True,False,0,0.3923012,24,104.7,0,0,False
feature-budgets,feature,baseline,r3,False,False,True,False,True,False,0,0.47226520000000005,26,131.4,0,0,False
feature-budgets,feature,primer,r1,True,True,True,True,True,False,0,0.7917696,47,210.5,12,5,True
feature-budgets,feature,primer,r2,True,True,True,True,True,False,0,0.6905272000000002,51,154.8,17,6,True
feature-budgets,feature,primer,r3,True,True,True,False,True,False,0,0.8531874000000002,57,195.2,16,5,True
feature-csv,feature,baseline,r1,False,False,True,False,True,False,0,0.341182,19,95.8,0,0,False
feature-csv,feature,baseline,r2,False,False,True,True,True,False,0,0.5827362,32,191.1,0,0,False
feature-csv,feature,baseline,r3,False,False,True,True,True,False,0,0.5816693999999999,31,165.9,0,0,False
feature-csv,feature,primer,r1,True,True,True,True,True,False,0,0.8321346,49,201.7,12,4,True
feature-csv,feature,primer,r2,True,True,True,True,True,False,0,0.9108661999999997,49,254.3,10,5,False
feature-csv,feature,primer,r3,True,True,True,True,True,False,0,0.6383547999999999,41,188.4,10,4,True
feature-edit-delete,feature,baseline,r1,False,False,True,True,True,False,0,0.4054854,26,109.6,0,0,False
feature-edit-delete,feature,baseline,r2,False,False,True,True,True,False,0,0.351866,22,75.4,0,0,False
feature-edit-delete,feature,baseline,r3,False,False,True,True,True,False,0,0.40956020000000004,26,92.9,0,0,False
feature-edit-delete,feature,primer,r1,True,True,True,True,True,False,0,0.6739272,47,121.6,12,4,True
feature-edit-delete,feature,primer,r2,True,True,True,True,True,False,0,0.5724260000000002,42,124.1,12,4,True
feature-edit-delete,feature,primer,r3,True,True,True,True,True,False,0,0.645452,42,143.3,13,5,True
feature-recurring,feature,baseline,r1,False,False,True,True,True,False,0,0.4939384000000001,29,102.2,0,0,False
feature-recurring,feature,baseline,r2,False,False,True,True,True,False,0,0.4393168,26,111.6,0,0,False
feature-recurring,feature,baseline,r3,False,False,True,True,True,False,0,0.5228868,30,103.5,0,0,False
feature-recurring,feature,primer,r1,True,True,True,True,True,False,0,0.8113484000000001,54,187.4,17,6,True
feature-recurring,feature,primer,r2,True,True,True,True,True,False,0,0.6492633999999999,37,149.0,7,3,True
feature-recurring,feature,primer,r3,True,True,True,True,True,False,0,0.6121969999999999,35,146.6,7,3,True
refactor-render-summary,refactor,baseline,r1,False,False,True,True,True,False,0,0.17124,14,30.6,0,0,False
refactor-render-summary,refactor,baseline,r2,False,False,True,True,True,False,0,0.17208660000000003,14,31.9,0,0,False
refactor-render-summary,refactor,baseline,r3,False,False,True,True,True,False,0,0.1460564,11,26.7,0,0,False
refactor-render-summary,refactor,primer,r1,False,False,True,True,True,False,0,0.1566364,12,44.3,0,0,False
refactor-render-summary,refactor,primer,r2,False,False,True,True,True,False,0,0.17121679999999997,15,33.4,0,0,False
refactor-render-summary,refactor,primer,r3,False,False,True,True,True,False,0,0.1543726,11,39.0,0,0,False
refactor-serialisation,refactor,baseline,r1,False,False,True,True,True,False,0,0.21572219999999998,17,39.8,0,0,False
refactor-serialisation,refactor,baseline,r2,False,False,True,True,True,False,0,0.27310900000000005,23,81.7,0,0,False
refactor-serialisation,refactor,baseline,r3,False,False,True,True,True,False,0,0.34460299999999994,28,52.8,0,0,False
refactor-serialisation,refactor,primer,r1,False,False,True,True,True,False,0,0.24891280000000005,20,35.5,0,0,False
refactor-serialisation,refactor,primer,r2,False,False,True,True,True,False,0,0.3307498000000001,27,69.9,0,0,False
refactor-serialisation,refactor,primer,r3,False,False,True,True,True,False,0,0.30067000000000005,24,45.2,0,0,False
trivial-average-label,trivial,baseline,r1,False,False,True,True,True,False,0,0.17916839999999998,15,41.0,0,0,False
trivial-average-label,trivial,baseline,r2,False,False,True,True,True,False,0,0.126769,10,33.3,0,0,False
trivial-average-label,trivial,baseline,r3,False,False,True,True,True,False,0,0.09249840000000001,8,18.1,0,0,False
trivial-average-label,trivial,primer,r1,False,False,True,True,True,False,0,0.14854660000000003,11,22.6,0,0,False
trivial-average-label,trivial,primer,r2,False,False,True,True,True,False,0,0.1864544,14,47.0,0,0,False
trivial-average-label,trivial,primer,r3,False,False,True,True,True,False,0,0.16993239999999998,12,42.3,0,0,False
trivial-category-counts,trivial,baseline,r1,False,False,True,True,True,False,0,0.20088720000000002,15,25.2,0,0,False
trivial-category-counts,trivial,baseline,r2,False,False,True,True,True,False,0,0.17177620000000002,11,18.1,0,0,False
trivial-category-counts,trivial,baseline,r3,False,False,True,True,True,False,0,0.15274180000000004,11,30.3,0,0,False
trivial-category-counts,trivial,primer,r1,True,True,True,True,True,False,0,0.39665580000000006,29,98.0,7,3,True
trivial-category-counts,trivial,primer,r2,True,True,True,True,True,False,0,0.42492440000000004,30,92.0,7,3,True
trivial-category-counts,trivial,primer,r3,True,True,True,True,True,False,0,0.39391380000000004,29,90.5,7,3,True
